docNum,docName,title,author,year,journal,date,volume,issue,start_page,end_page
0,,Artificial intelligence and consumer behavior: From predictive to generative AI,"Hermann, Erik; Puntoni, Stefano",2024,JOURNAL OF BUSINESS RESEARCH,JUL,180,,,
0,,Competitive Advantage Through Artificial Intelligence: Toward a Theory of Situated AI,"Kemp, Ayenda",2024,ACADEMY OF MANAGEMENT REVIEW,JUL,49,3,618,635
0,,Big AI: Cloud infrastructure dependence and the industrialisation of artificial intelligence,"van der Vlist, Fernando; Helmond, Anne; Ferrari, Fabian",2024,BIG DATA & SOCIETY,MAR,11,1,,
0,,"Ecological footprints, carbon emissions, and energy transitions: the impact of artificial intelligence (AI)","Wang, Qiang; Li, Yuanfan; Li, Rongrong",2024,HUMANITIES & SOCIAL SCIENCES COMMUNICATIONS,AUG 14,11,1,,
0,,Embracing artificial intelligence (AI) with job crafting: Exploring trickle-down effect and employees' outcomes,"Li, Wanlu; Qin, Xin; Yam, Kai Chi; Deng, Huiru; Chen, Chen; Dong, Xiaowei; Jiang, Luyuan; Tang, Wenjin",2024,TOURISM MANAGEMENT,OCT,104,,,
0,,FDA-Approved Artificial Intelligence and Machine Learning (AI/ML)-Enabled Medical Devices: An Updated Landscape,"Joshi, Geeta; Jain, Aditi; Araveeti, Shalini Reddy; Adhikari, Sabina; Garg, Harshit; Bhandari, Mukund",2024,ELECTRONICS,FEB,13,3,,
0,,Understanding the role and impact of Generative Artificial Intelligence (AI) hallucination within consumers' tourism decision-making processes,"Christensen, Jeff; Hansen, Jared M.; Wilson, Paul",2025,CURRENT ISSUES IN TOURISM,FEB 16,28,4,545,560
0,,Challenges and strategies for wide-scale artificial intelligence (AI) deployment in healthcare practices: A perspective for healthcare organizations,"Esmaeilzadeh, Pouyan",2024,ARTIFICIAL INTELLIGENCE IN MEDICINE,MAY,151,,,
0,,"Here, there and Everywhere: On the Responsible Use of Artificial Intelligence (AI) in Management Research and the Peer-Review Process","Gatrell, Caroline; Muzio, Daniel; Post, Corinne; Wickert, Christopher",2024,JOURNAL OF MANAGEMENT STUDIES,MAY,61,3,739,751
0,,Application of Artificial Intelligence in Maritime Transportation,"Chen, Xinqiang; Ma, Dongfang; Liu, Ryan Wen",2024,JOURNAL OF MARINE SCIENCE AND ENGINEERING,MAR,12,3,,
0,,"Embracing the future of Artificial Intelligence in the classroom: the relevance of AI literacy, prompt engineering, and critical thinking in modern education","Walter, Yoshija",2024,INTERNATIONAL JOURNAL OF EDUCATIONAL TECHNOLOGY IN HIGHER EDUCATION,FEB 26,21,1,,
0,,Does AI-Driven Technostress Promote or Hinder Employees' Artificial Intelligence Adoption Intention? A Moderated Mediation Model of Affective Reactions and Technical Self-Efficacy,"Chang, Po-Chien; Zhang, Wenhui; Cai, Qihai; Guo, Hongchi",2024,PSYCHOLOGY RESEARCH AND BEHAVIOR MANAGEMENT,,17,,413,427
0,,When and How Artificial Intelligence Augments Employee Creativity,"Jia, Nan; Luo, Xueming; Fang, Zheng; Liao, Chengcheng",2024,ACADEMY OF MANAGEMENT JOURNAL,FEB,67,1,5,32
0,,The dark side of artificial intelligence in services,"Belanche, Daniel; Belk, Russell W.; Casalo, Luis V.; Flavian, Carlos",2024,SERVICE INDUSTRIES JOURNAL,MAR 11,44,3-4,149,172
0,,Modeling the effects of artificial intelligence (AI)-based innovation on sustainable development goals (SDGs): Applying a system dynamics perspective in a cross-country setting,"Nahar, Sharmin",2024,TECHNOLOGICAL FORECASTING AND SOCIAL CHANGE,APR,201,,,
0,,Applications and Challenges of Artificial Intelligence in Space Missions,"Oche, Paul A.; Ewa, Gideon A.; Ibekwe, Nwanneka",2024,IEEE ACCESS,,12,,44481,44509
0,,Will artificial intelligence make energy cleaner? Evidence of nonlinearity,"Lee, Chien-Chiang; Yan, Jingyang",2024,APPLIED ENERGY,JUN 1,363,,,
0,,Artificial Intelligence-Generated Draft Replies to Patient Inbox Messages,"Garcia, Patricia; Ma, Stephen P.; Shah, Shreya; Smith, Margaret; Jeong, Yejin; Devon-Sand, Anna; Tai-Seale, Ming; Takazawa, Kevin; Clutter, Danyelle; Vogt, Kyle; Lugtu, Carlene; Rojo, Matthew; Lin, Steven; Shanafelt, Tait; Pfeffer, Michael A.; Sharp, Christopher",2024,JAMA NETWORK OPEN,MAR 20,7,3,,
0,,Artificial intelligence implementation in manufacturing SMEs: A resource orchestration approach,"Peretz-Andersson, Einav; Tabares, Sabrina; Mikalef, Patrick; Parida, Vinit",2024,INTERNATIONAL JOURNAL OF INFORMATION MANAGEMENT,AUG,77,,,
0,,The Evolving Landscape of Artificial Intelligence Applications in Animal Health,"Min, Pil-Kee; Mito, Kazuyuki; Kim, Tae Hoon",2024,INDIAN JOURNAL OF ANIMAL RESEARCH,OCT,58,10,1793,1798
0,,Accuracy of Online Artificial Intelligence Models in Primary Care Settings,"Kassab, Joseph; El Hajjar, Abdel Hadi; Wardrop III, Richard M.; Brateanu, Andrei",2024,AMERICAN JOURNAL OF PREVENTIVE MEDICINE,JUN,66,6,1054,1059
0,,Artificial intelligence: an overview of research trends and future directions,"Gursoy, Dogan; Cai, Ruiying",2025,INTERNATIONAL JOURNAL OF CONTEMPORARY HOSPITALITY MANAGEMENT,JAN 2,37,1,1,17
0,,Adversarial attacks and defenses in explainable artificial intelligence: A survey,"Baniecki, Hubert; Biecek, Przemyslaw",2024,INFORMATION FUSION,JUL,107,,,
0,,Appropriateness of Artificial Intelligence Chatbots in Diabetic Foot Ulcer Management,"Shiraishi, Makoto; Lee, Haesu; Kanayama, Koji; Moriwaki, Yuta; Okazaki, Mutsumi",2024,INTERNATIONAL JOURNAL OF LOWER EXTREMITY WOUNDS,2024 FEB 28,,,,
0,,Advancing nursing practice with artificial intelligence: Enhancing preparedness for the future,"Rony, Moustaq Karim Khan; Parvin, Mst. Rina; Ferdousi, Silvia",2024,NURSING OPEN,JAN,11,1,,
0,,Artificial Intelligence in Geriatric Psychiatry Through the Lens of Contemporary Philosophy,"Alexopoulos, George S.",2024,AMERICAN JOURNAL OF GERIATRIC PSYCHIATRY,MAR,32,3,293,299
0,,Effectiveness of an Artificial Intelligence-Enabled Intervention for Detecting Clinical Deterioration,"Gallo, Robert J.; Shieh, Lisa; Smith, Margaret; Marafino, Ben J.; Geldsetzer, Pascal; Asch, Steven M.; Shum, Kenny; Lin, Steven; Westphal, Jerri; Hong, Grace; Li, Ron Chen",2024,JAMA INTERNAL MEDICINE,MAY,184,5,557,562
0,,Theory-Driven Perspectives on Generative Artificial Intelligence in Business and Management,"Brown, Olivia; Davison, Robert M.; Decker, Stephanie; Ellis, David A.; Faulconbridge, James; Gore, Julie; Greenwood, Michelle; Islam, Gazi; Lubinski, Christina; MacKenzie, Niall G.; Meyer, Renate; Muzio, Daniel; Quattrone, Paolo; Ravishankar, M. N.; Zilber, Tammar; Ren, Shuang; Sarala, Riikka M.; Hibbert, Paul",2024,BRITISH JOURNAL OF MANAGEMENT,JAN,35,1,3,23
0,,The Role of Materiality in an Era of Generative Artificial Intelligence,"Tang, Kok-Sing; Cooper, Grant",2024,SCIENCE & EDUCATION,2024 FEB 21,,,,
0,,ChatGPT and Generative Artificial Intelligence for Medical Education: Potential Impact and Opportunity,"Boscardin, Christy K.; Gin, Brian; Golde, Polo Black; Hauer, Karen E.",2024,ACADEMIC MEDICINE,JAN,99,1,22,27
0,,Artificial intelligence in the detection of skin cancer: State of the art,"Strzelecki, Michal; Kociolek, Marcin; Strakowska, Maria; Kozlowski, Michal; Grzybowski, Andrzej; Szczypinski, Piotr M.",2024,CLINICS IN DERMATOLOGY,MAY-JUN,42,3,280,295
0,,Urban Visual Intelligence: Studying Cities with Artificial Intelligence and Street-Level Imagery,"Zhang, Fan; Salazar-Miranda, Arianna; Duarte, Fabio; Vale, Lawrence; Hack, Gary; Chen, Min; Liu, Yu; Batty, Michael; Ratti, Carlo",2024,ANNALS OF THE AMERICAN ASSOCIATION OF GEOGRAPHERS,MAY 27,114,5,876,897
0,,The impact of artificial intelligence on employment: the role of virtual agglomeration,"Shen, Yang; Zhang, Xiuwu",2024,HUMANITIES & SOCIAL SCIENCES COMMUNICATIONS,JAN 18,11,1,,
0,,Accuracy of an Artificial Intelligence Chatbot's Interpretation of Clinical Ophthalmic Images,"Mihalache, Andrew; Huang, Ryan S.; Popovic, Marko M.; Patil, Nikhil S.; Pandya, Bhadra U.; Shor, Reut; Pereira, Austin; Kwok, Jason M.; Yan, Peng; Wong, David T.; Kertes, Peter J.; Muni, Rajeev H.",2024,JAMA OPHTHALMOLOGY,APR,142,4,321,326
0,,Applicability of Online Chat-Based Artificial Intelligence Models to Colorectal Cancer Screening,"Atarere, Joseph; Naqvi, Haider; Haas, Christopher; Adewunmi, Comfort; Bandaru, Sumanth; Allamneni, Rakesh; Ugonabo, Onyinye; Egbo, Olachi; Umoren, Mfoniso; Kanth, Priyanka",2024,DIGESTIVE DISEASES AND SCIENCES,MAR,69,3,791,797
0,,Physician and Artificial Intelligence Chatbot Responses to Cancer Questions From Social Media,"Chen, David; Parsa, Rod; Hope, Andrew; Hannon, Breffni; Mak, Ernie; Eng, Lawson; Liu, Fei-Fei; Fallah-Rad, Nazanin; Heesters, Ann M.; Raman, Srinivas",2024,JAMA ONCOLOGY,JUL,10,7,956,960
0,,Generative artificial intelligence in innovation management: A preview of future research developments,"Mariani, Marcello; Dwivedi, Yogesh K.",2024,JOURNAL OF BUSINESS RESEARCH,MAR,175,,,
0,,Explainable artificial intelligence approaches for COVID-19 prognosis prediction using clinical markers,"Chadaga, Krishnaraj; Prabhu, Srikanth; Sampathila, Niranjana; Chadaga, Rajagopala; Umakanth, Shashikiran; Bhat, Devadas; Kumar, G. S. Shashi",2024,SCIENTIFIC REPORTS,JAN 20,14,1,,
0,,ChatGPT versus clinician: challenging the diagnostic capabilities of artificial intelligence in dermatology,"Stoneham, Sophie; Livesey, Amy; Cooper, Hywel; Mitchell, Charles",2024,CLINICAL AND EXPERIMENTAL DERMATOLOGY,JAN 10,49,7,707,710
0,,How does artificial intelligence promote renewable energy development? The role of climate finance,"Zhao, Congyu; Dong, Kangyin; Wang, Kun; Nepal, Rabindra",2024,ENERGY ECONOMICS,MAY,133,,,
0,,Artificial intelligence auxiliary diagnosis and treatment system for breast cancer in developing countries,"Li, Wenxiu; Gou, Fangfang; Wu, Jia",2024,JOURNAL OF X-RAY SCIENCE AND TECHNOLOGY,,32,2,395,413
0,,The pathway to curb greenwashing in sustainable growth: The role of artificial intelligence,"Zhang, Dongyang",2024,ENERGY ECONOMICS,MAY,133,,,
0,,"Fake news research trends, linkages to generative artificial intelligence and sustainable development goals","Raman, Raghu; Nair, Vinith Kumar; Nedungadi, Prema; Sahu, Aditya Kumar; Kowalski, Robin; Ramanathan, Sasangan; Achuthan, Krishnashree",2024,HELIYON,FEB 15,10,3,,
0,,"Artificial intelligence in EFL speaking: Impact on enjoyment, anxiety, and willingness to communicate","Zhang, Cong; Meng, Yiwen; Ma, Xinyu",2024,SYSTEM,APR,121,,,
0,,Applications of artificial intelligence for energy efficiency throughout the building lifecycle: An overview,"Yussuf, Raheemat O.; Asfour, Omar S.",2024,ENERGY AND BUILDINGS,FEB 15,305,,,
0,,Impact of artificial intelligence on renewable energy supply chain vulnerability: Evidence from 61 countries,"Song, Yuegang; Wang, Ziqi; Song, Changqing; Wang, Jianhua; Liu, Rong",2024,ENERGY ECONOMICS,MAR,131,,,
0,,Generative Artificial Intelligence to Transform Inpatient Discharge Summaries to Patient-Friendly Language and Format,"Zaretsky, Jonah; Kim, Jeong Min; Baskharoun, Samuel; Zhao, Yunan; Austrian, Jonathan; Aphinyanaphongs, Yindalon; Gupta, Ravi; Blecker, Saul B.; Feldman, Jonah",2024,JAMA NETWORK OPEN,MAR 11,7,3,,
0,,Improving EFL learners' speaking skills and willingness to communicate via artificial intelligence-mediated interactions,"Fathi, Jalil; Rahimi, Masoud; Derakhshan, Ali",2024,SYSTEM,APR,121,,,
0,,Artificial intelligence innovation of tourism businesses: From satisfied tourists to continued service usage intention,"Ku, Edward C. S.; Chen, Chun -Der",2024,INTERNATIONAL JOURNAL OF INFORMATION MANAGEMENT,JUN,76,,,
0,,Usefulness and Accuracy of Artificial Intelligence Chatbot Responses to Patient Questions for Neurosurgical Procedures,"Gajjar, Avi A.; Kumar, Rohit Prem; Paliwoda, Ethan D.; Kuo, Cathleen C.; Adida, Samuel; Legarreta, Andrew D.; Deng, Hansen; Anand, Sharath Kumar; Hamilton, D. Kojo; Agarwal, Nitin; Buell, Thomas J.; Gerszten, Peter C.; Hudson, Joseph S.",2024,NEUROSURGERY,JUL,95,1,171,178
0,,Comparison of Artificial Intelligence With Other Interventions to Improve Adenoma Detection Rate for Colonoscopy,"Aziz, Muhammad; Haghbin, Hossein; Sayeh, Wasef; Alfatlawi, Halah; Gangwani, Manesh K.; Sohail, Amir H.; Zahdeh, Tamer; Weissman, Simcha; Kamal, Faisal; Lee-Smith, Wade; Nawras, Ali; Sharma, Prateek; Shaukat, Aasma",2024,JOURNAL OF CLINICAL GASTROENTEROLOGY,FEB,58,2,143,155
0,,"Artificial intelligence studies in cartography: a review and synthesis of methods, applications, and ethics","Kang, Yuhao; Gao, Song; Roth, Robert E.",2024,CARTOGRAPHY AND GEOGRAPHIC INFORMATION SCIENCE,JUL 3,51,4,599,630
0,,"Double transition-metal MXenes: Classification, properties, machine learning, artificial intelligence, and energy storage applications","Hussain, Iftikhar; Sajjad, Uzair; Kewate, Onkar Jaywant; Amara, Umay; Bibi, Faiza; Hanan, Abdul; Potphode, Darshna; Ahmad, Muhammad; Javed, Muhammad Sufyan; Rosaiah, P.; Hussain, Sajjad; Khanj, Karim; Ajmal, Zeeshan; Punniyakoti, S.; Alarfaji, Saleh S.; Kang, Jee-Hyun; Al Zoubi, Wail; Sahoo, Sumanta; Zhang, Kaili",2024,MATERIALS TODAY PHYSICS,MAR,42,,,
0,,The new reality of education in the face of advances in generative artificial intelligence,"Garcia-Penalvo, Francisco Jose; Llorens-Largo, Faraon; Vidal, Javier",2024,RIED-REVISTA IBEROAMERICANA DE EDUCACION A DISTANCIA,JAN,27,1,,
0,,Artificial Intelligence Improves Novices' Bronchoscopy Performance A Randomized Controlled Trial in a Simulated Setting,"Cold, Kristoffer Mazanti; Xie, Sujun; Nielsen, Anne Orholm; Clementsen, Paul Frost; Konge, Lars",2024,CHEST,FEB,165,2,405,413
0,,Artificial intelligence methods for improved detection of undiagnosed heart failure with preserved ejection fraction,"Wu, Jack; Biswas, Dhruva; Ryan, Matthew; Bernstein, Brett M.; Rizvi, Maleeha; Fairhurst, Natalie; Kaye, George; Baral, Ranu; Searle, Tom; Melikian, Narbeh; Sado, Daniel; Luscher, Thomas F.; Grocott-Mason, Richard; Carr-White, Gerald; Teo, James; Dobson, Richard; Bromage, Daniel I.; Mcdonagh, Theresa A.; Shah, Ajay M.; O'Gallagher, Kevin",2024,EUROPEAN JOURNAL OF HEART FAILURE,FEB,26,2,302,310
0,,Artificial intelligence for skin cancer detection and classification for clinical environment: a systematic review,"Furriel, Brunna C. R. S.; Oliveira, Bruno D.; Proa, Renata; Paiva, Joselisa Q.; Loureiro, Rafael M.; Calixto, Wesley P.; Reis, Marcio R. C.; Giavina-Bianchi, Mara",2024,FRONTIERS IN MEDICINE,JAN 8,10,,,
0,,Do the benefits outweigh the disadvantages? Exploring the role of artificial intelligence in renewable energy,"Qin, Meng; Hu, Wei; Qi, Xinzhou; Chang, Tsangyao",2024,ENERGY ECONOMICS,MAR,131,,,
0,,Explainable Artificial Intelligence (XAI) 2.0: A manifesto of open challenges and interdisciplinary research directions,"Longo, Luca; Brcic, Mario; Cabitza, Federico; Choi, Jaesik; Confalonieri, Roberto; Del Ser, Javier; Guidotti, Riccardo; Hayashi, Yoichi; Herrera, Francisco; Holzinger, Andreas; Jiang, Richard; Khosravi, Hassan; Lecue, Freddy; Malgieri, Gianclaudio; Paez, Andres; Samek, Wojciech; Schneider, Johannes; Speith, Timo; Stumpf, Simone",2024,INFORMATION FUSION,JUN,106,,,
0,,The Rapid Development of Artificial Intelligence: GPT-4's Performance on Orthopedic Surgery Board Questions,"Hofmann, Hayden L.; Guerra, Gage A.; Le, Jonathan L.; Wong, Alexander M.; Hofmann, Grady H.; Mayfield, Cory K.; Petrigliano, Frank A.; Liu, Joseph N.",2024,ORTHOPEDICS,MAR-APR,47,2,,
0,,"Artificial Intelligence in Hospitality and Tourism: Insights From Industry Practices, Research Literature, and Expert Opinions","Kim, Hyunsu; So, Kevin Kam Fung; Shin, Seunghun; Li, Jing",2025,JOURNAL OF HOSPITALITY & TOURISM RESEARCH,FEB,49,2,366,385
0,,How does artificial intelligence affect pollutant emissions by improving energy efficiency and developing green technology,"Zhou, Wei; Zhuang, Yan; Chen, Yan",2024,ENERGY ECONOMICS,MAR,131,,,
0,,Is artificial intelligence a curse or a blessing for enterprise energy intensity? Evidence from China,"Zhang, Weike; Zeng, Ming",2024,ENERGY ECONOMICS,JUN,134,,,
0,,How does artificial intelligence affect high-quality energy development? Achieving a clean energy transition society,"Wang, Bo; Wang, Jianda; Dong, Kangyin; Nepal, Rabindra",2024,ENERGY POLICY,MAR,186,,,
0,,Understanding the effects of artificial intelligence on energy transition: The moderating role of Paris Agreement,"Chishti, Muhammad Zubair; Xia, Xiqiang; Dogan, Eyup",2024,ENERGY ECONOMICS,MAR,131,,,
0,,Does artificial intelligence promote energy transition and curb carbon emissions? The role of trade openness,"Wang, Qiang; Zhang, Fuyu; Li, Rongrong; Sun, Jiayi",2024,JOURNAL OF CLEANER PRODUCTION,APR 1,447,,,
0,,Assessing the influence of artificial intelligence on the energy efficiency for sustainable ecological products value,"Song, Malin; Pan, Heting; Shen, Zhiyang; Tamayo-Verleene, Kristine",2024,ENERGY ECONOMICS,MAR,131,,,
0,,Tapping into the green potential: The power of artificial intelligence adoption in corporate green innovation drive,"Hussain, Murtaza; Yang, Shaohua; Maqsood, Umer Sahil; Zahid, R. M. Ammar",2024,BUSINESS STRATEGY AND THE ENVIRONMENT,JUL,33,5,4375,4396
0,,Opportunities and challenges of artificial intelligence and distributed systems to improve the quality of healthcare service,"Aminizadeh, Sarina; Heidari, Arash; Dehghan, Mahshid; Toumaj, Shiva; Rezaei, Mahsa; Navimipour, Nima Jafari; Stroppa, Fabio; Unal, Mehmet",2024,ARTIFICIAL INTELLIGENCE IN MEDICINE,MAR,149,,,
0,,The factors influencing teacher education students' willingness to adopt artificial intelligence technology for information-based teaching,"Ma, Shuaiyao; Lei, Lei",2024,ASIA PACIFIC JOURNAL OF EDUCATION,JAN 2,44,1,94,111
0,,Is it the end of the technology acceptance model in the era of generative artificial intelligence?,"Mogaji, Emmanuel; Viglia, Giampaolo; Srivastava, Pallavi; Dwivedi, Yogesh K.",2024,INTERNATIONAL JOURNAL OF CONTEMPORARY HOSPITALITY MANAGEMENT,SEP 2,36,10,3324,3339
0,,Measuring the extreme linkages and time-frequency co-movements among artificial intelligence and clean energy indices,"Zeng, Hongjun; Abedin, Mohammad Zoynul; Zhou, Xiangjing; Lu, Ran",2024,INTERNATIONAL REVIEW OF FINANCIAL ANALYSIS,MAR,92,,,
0,,Effectiveness of ChatGPT in clinical pharmacy and the role of artificial intelligence in medication therapy management,"Roosan, Don; Padua, Pauline; Khan, Raiyan; Khan, Hasiba; Verzosa, Claudia; Wu, Yanting",2024,JOURNAL OF THE AMERICAN PHARMACISTS ASSOCIATION,MAR-APR,64,2,,
0,,Psychiatrists' experiences and opinions of generative artificial intelligence in mental healthcare: An online mixed methods survey,"Blease, Charlotte; Worthen, Abigail; Torous, John",2024,PSYCHIATRY RESEARCH,MAR,333,,,
0,,"Comprehension, apprehension, and acceptance: Understanding the influence of literacy and anxiety on acceptance of artificial Intelligence","Schiavo, Gianluca; Businaro, Stefano; Zancanaro, Massimo",2024,TECHNOLOGY IN SOCIETY,JUN,77,,,
0,,Navigating the perils of artificial intelligence: a focused review on ChatGPT and responsible research and innovation,"Polyportis, Athanasios; Pahos, Nikolaos",2024,HUMANITIES & SOCIAL SCIENCES COMMUNICATIONS,JAN 15,11,1,,
0,,The Artificial Third: A Broad View of the Effects of Introducing Generative Artificial Intelligence on Psychotherapy,"Haber, Yuval; Levkovich, Inbar; Hadar-Shoval, Dorit; Elyoseph, Zohar",2024,JMIR MENTAL HEALTH,,11,,,
0,,Full virtual patient generated by artificial intelligence-driven integrated segmentation of craniomaxillofacial structures from CBCT images,"Nogueira-Reis, Fernanda; Morgan, Nermin; Suryani, Isti Rahayu; Tabchoury, Cinthia Pereira Machado; Jacobs, Reinhilde",2024,JOURNAL OF DENTISTRY,FEB,141,,,
0,,Applications of artificial intelligence in closed-loop supply chains: Systematic literature review and future research agenda,"Bhattacharya, Sourabh; Govindan, Kannan; Dastidar, Surajit Ghosh; Sharma, Preeti",2024,TRANSPORTATION RESEARCH PART E-LOGISTICS AND TRANSPORTATION REVIEW,APR,184,,,
0,,Artificial intelligence and adaptive response to market changes: A strategy to enhance firm performance and innovation,"Sullivan, Yulia; Wamba, Samuel Fosso",2024,JOURNAL OF BUSINESS RESEARCH,MAR,174,,,
0,,Human-AI collaboration patterns in AI-assisted academic writing,"Nguyen, Andy; Hong, Yvonne; Dang, Belle; Huang, Xiaoshan",2024,STUDIES IN HIGHER EDUCATION,MAY 3,49,5,847,864
0,,The Molecular Twin artificial-intelligence platform integrates multi-omic data to predict outcomes for pancreatic adenocarcinoma patients,"Osipov, Arsen; Nikolic, Ognjen; Gertych, Arkadiusz; Parker, Sarah; Hendifar, Andrew; Singh, Pranav; Filippova, Darya; Dagliyan, Grant; Ferrone, Cristina R.; Zheng, Lei; Moore, Jason H.; Tourtellotte, Warren; Van Eyk, Jennifer E.; Theodorescu, Dan",2024,NATURE CANCER,FEB,5,2,,
0,,When do employees learn from artificial intelligence? The moderating effects of perceived enjoyment and task-related complexity,"Li, Yunjian; Song, Yixiao; Sun, Yanming; Zeng, Mingzhuo",2024,TECHNOLOGY IN SOCIETY,JUN,77,,,
0,,"Revolutionizing L2 speaking proficiency, willingness to communicate, and perceptions through artificial intelligence: a case of Speeko application","Rad, Hanieh Shafiee",2024,INNOVATION IN LANGUAGE LEARNING AND TEACHING,AUG 7,18,4,364,379
0,,Assessing the precision of artificial intelligence in emergency department triage decisions: Insights from a study with ChatGPT,"Paslia, Sinan; Sahin, Abdul Samet; Beser, Muhammet Fatih; Topcuoglu, Hazal; Yadigaroglu, Metin; Imamoglu, Melih",2024,AMERICAN JOURNAL OF EMERGENCY MEDICINE,APR,78,,170,175
0,,Evaluation High-Quality of Information from ChatGPT (Artificial IntelligencedLarge Language Model) Artificial Intelligence on Shoulder Stabilization Surgery,"Hurley, Eoghan T.; Crook, Bryan S.; Lorentz, Samuel G.; Danilkowicz, Richard M.; Lau, Brian C.; Taylor, Dean C.; Dickens, Jonathan F.; Anakwenze, Oke; Klifto, Christopher S.",2024,ARTHROSCOPY-THE JOURNAL OF ARTHROSCOPIC AND RELATED SURGERY,MAR,40,3,,
0,,A Low-Latency Edge Computation Offloading Scheme for Trust Evaluation in Finance-Level Artificial Intelligence of Things,"Zhu, Xiaogang; Ma, Feicheng; Ding, Feng; Guo, Zhiwei; Yang, Junchao; Yu, Keping",2024,IEEE INTERNET OF THINGS JOURNAL,JAN 1,11,1,114,124
0,,Generative artificial intelligence in supply chain and operations management: a capability-based framework for analysis and implementation,"Jackson, Ilya; Ivanov, Dmitry; Dolgui, Alexandre; Namdar, Jafar",2024,INTERNATIONAL JOURNAL OF PRODUCTION RESEARCH,SEP 1,62,17,6120,6145
0,,Dr. Google to Dr. ChatGPT: assessing the content and quality of artificial intelligence-generated medical information on appendicitis,"Ghanem, Yazid K.; Rouhi, Armaun D.; Al-Houssan, Ammr; Saleh, Zena; Moccia, Matthew C.; Joshi, Hansa; Dumon, Kristoffel R.; Hong, Young; Spitz, Francis; Joshi, Amit R.; Kwiatt, Michael",2024,SURGICAL ENDOSCOPY AND OTHER INTERVENTIONAL TECHNIQUES,MAY,38,5,2887,2893
0,,The positive effect of artificial intelligence technology transparency on digital endorsers: Based on the theory of mind perception,"Wang, Xiaoyi; Qiu, Xingyi",2024,JOURNAL OF RETAILING AND CONSUMER SERVICES,MAY,78,,,
0,,How does artificial intelligence affect the environmental performance of organizations? The role of green innovation and green culture,"Lin, Jiabao; Zeng, Yanyun; Wu, Shaowu; Luo, Xin (Robert)",2024,INFORMATION & MANAGEMENT,MAR,61,2,,
0,,Autonomous artificial intelligence increases screening and follow-up for diabetic retinopathy in youth: the ACCESS randomized control trial,"Wolf, Risa M.; Channa, Roomasa; Liu, T. Y. Alvin; Zehra, Anum; Bromberger, Lee; Patel, Dhruva; Ananthakrishnan, Ajaykarthik; Brown, Elizabeth A.; Prichett, Laura; Lehmann, Harold P.; Abramoff, Michael D.",2024,NATURE COMMUNICATIONS,JAN 11,15,1,,
0,,The current state of artificial intelligence generative language models is more creative than humans on divergent thinking tasks,"Hubert, Kent F.; Awa, Kim N.; Zabelina, Darya L.",2024,SCIENTIFIC REPORTS,FEB 10,14,1,,
0,,Publishers' and journals' instructions to authors on use of generative artificial intelligence in academic and scientific publishing: bibliometric analysis,"Ganjavi, Conner; Eppler, Michael B.; Pekcan, Asli; Biedermann, Brett; Abreu, Andre; Collins, Gary S.; Gill, Inderbir S.; Cacciamani, Giovanni E.",2024,BMJ-BRITISH MEDICAL JOURNAL,JAN 31,384,,,
0,,The Emergence of Artificial Intelligence in Anticipatory Urban Governance: Multi-Scalar Evidence of China's Transition to City Brains,"Xu, Ying; Cugurullo, Federico; Zhang, Heming; Gaio, Alexander; Zhang, Weishi",2024,JOURNAL OF URBAN TECHNOLOGY,2024 JAN 24,,,,
0,,Artificial intelligence predicts direct-acting antivirals failure among hepatitis C virus patients: A nationwide hepatitis C virus registry program,"Li, Ming-Yin; Huang, Chung-Feng; Hung, Chao-Hung; Tai, Chi-Ming; Mo, Lein-Ray; Kuo, Hsing-Tao; Tseng, Kuo-Chih; Lo, Ching-Chu; Bair, Ming-Jong; Wang, Szu-Jen; Huang, Jee-Fu; Yeh, Ming-Lun; Chen, Chun-Ting; Tsai, Ming-Chang; Huang, Chien-Wei; Lee, Pei-Lun; Yang, Tzeng-Hue; Huang, Yi-Hsiang; Chong, Lee-Won; Chen, Chien-Lin; Yang, Chi-Chieh; Yang, Sheng-Shun; Cheng, Pin-Nan; Hsieh, Tsai-Yuan; Hu, Jui-Ting; Wu, Wen-Chih; Cheng, Chien -Yu; Chen, Guei-Ying; Zhou, Guo-Xiong; Tsai, Wei-Lun; Kao, Chien-Neng; Lin, Chih-Lang; Wang, Chia -Chi; Lin, Ta-Ya; Lin, Chih-Lin; Su, Wei -Wen; Lee, Tzong-Hsi; Chang, Te-Sheng; Liu, Chun-Jen; Dai, Chia -Yen; Kao, Jia-Horng; Lin, Han-Chie; Chuang, Wan -Long; Peng, Cheng-Yuan; Tsai, Chun-Wei; Chen, Chi-Yi; Yu, Ming-Lung",2024,CLINICAL AND MOLECULAR HEPATOLOGY,JAN,30,1,,
0,,ChatGPT and generative artificial intelligence: an exploratory study of key benefits and challenges in operations and supply chain management,"Wamba, Samuel Fosso; Guthrie, Cameron; Queiroz, Maciel M.; Minner, Stefan",2024,INTERNATIONAL JOURNAL OF PRODUCTION RESEARCH,AUG 17,62,16,5676,5696
0,,"Student Perceptions of ChatGPT Use in a College Essay Assignment: Implications for Learning, Grading, and Trust in Artificial Intelligence","Tossell, Chad C.; Tenhundfeld, Nathan L.; Momen, Ali; Cooley, Katrina; de Visser, Ewart J.",2024,IEEE TRANSACTIONS ON LEARNING TECHNOLOGIES,,17,,1069,1081
0,,"AI can help people feel heard, but an AI label diminishes this impact","Yin, Yidan; Jia, Nan; Wakslak, Cheryl J.",2024,PROCEEDINGS OF THE NATIONAL ACADEMY OF SCIENCES OF THE UNITED STATES OF AMERICA,APR 2,121,14,,
0,,Artificial Intelligence Language Model Performance for Rapid Intraoperative Queries in Plastic Surgery: ChatGPT and the Deep Inferior Epigastric Perforator Flap,"Atkinson, Connor J.; Seth, Ishith; Xie, Yi; Ross, Richard J.; Hunter-Smith, David J.; Rozen, Warren M.; Cuomo, Roberto",2024,JOURNAL OF CLINICAL MEDICINE,FEB,13,3,,
0,,Exploring AI-mediated informal digital learning of English (AI-IDLE): a mixed-method investigation of Chinese EFL learners' AI adoption and experiences,"Liu, Guangxiang Leon; Darvin, Ron; Ma, Chaojun",2024,COMPUTER ASSISTED LANGUAGE LEARNING,2024 JAN 23,,,,
0,,What drives the adoption of artificial intelligence among consumers in the hospitality sector: a systematic literature review and future agenda,"Rasheed, Hafiz Muhammad Wasif; He, Yuanqiong; Khizar, Hafiz Muhammad Usman; Khalid, Junaid",2024,JOURNAL OF HOSPITALITY AND TOURISM TECHNOLOGY,MAR 5,15,2,211,231
0,,"Could AI Ethical Anxiety, Perceived Ethical Risks and Ethical Awareness About AI Influence University Students' Use of Generative AI Products? An Ethical Perspective","Zhu, Wenjuan; Huang, Lei; Zhou, Xinni; Li, Xiaoya; Shi, Gaojun; Ying, Jingxin; Wang, Chaoyue",2025,INTERNATIONAL JOURNAL OF HUMAN-COMPUTER INTERACTION,JAN 2,41,1,742,764
0,,Game changers: A generative AI prompt protocol to enhance human-AI knowledge co-construction,"Robertson, Jeandri; Ferreira, Caitlin; Botha, Elsamari; Oosthuizen, Kim",2024,BUSINESS HORIZONS,SEP-OCT,67,5,499,510
0,,AI co-pilot bronchoscope robot,"Zhang, Jingyu; Liu, Lilu; Xiang, Pingyu; Fang, Qin; Nie, Xiuping; Ma, Honghai; Hu, Jian; Xiong, Rong; Wang, Yue; Lu, Haojian",2024,NATURE COMMUNICATIONS,JAN 4,15,1,,
0,,How should we change teaching and assessment in response to increasingly powerful generative Artificial Intelligence? Outcomes of the ChatGPT teacher survey,"Bower, Matt; Torrington, Jodie; Lai, Jennifer W. M.; Petocz, Peter; Alfano, Mark",2024,EDUCATION AND INFORMATION TECHNOLOGIES,AUG,29,12,15403,15439
0,,Chat Generative Pretrained Transformer (ChatGPT) and Bard: Artificial Intelligence Does not yet Provide Clinically Supported Answers for Hip and Knee Osteoarthritis,"Yang, Jaewon; Ardavanis, Kyle S.; Slack, Katherine E.; Fernando, Navin D.; Della Valle, Craig J.; Hernandez, Nicholas M.",2024,JOURNAL OF ARTHROPLASTY,MAY,39,5,1184,1190
0,,A UTAUT-Based Framework for Analyzing Users' Intention to Adopt Artificial Intelligence in Human Resource Recruitment: A Case Study of Thailand,"Tanantong, Tanatorn; Wongras, Piriyapong",2024,SYSTEMS,JAN,12,1,,
0,,"On the relationship between EFL students' attitudes toward artificial intelligence, teachers' immediacy and teacher-student rapport, and their willingness to communicate","Zhi, Ran; Wang, Yongxiang",2024,SYSTEM,AUG,124,,,
0,,"Artificial intelligence, green technological progress, energy conservation, and carbon emission reduction in China: An examination based on dynamic spatial Durbin modeling","Zhou, Wangni; Zhang, Yuqin; Li, Xuekun",2024,JOURNAL OF CLEANER PRODUCTION,MAR 25,446,,,
0,,Teachers'' agency in the era agency of LLM and generative AI: Designing pedagogical AI agents,"Lan, Yu-Ju; Chen, Nian-Shing",2024,EDUCATIONAL TECHNOLOGY & SOCIETY,JAN,27,1,,
0,,Doctor Versus Artificial Intelligence: Patient and Physician Evaluation of Large Language Model Responses to Rheumatology Patient Questions in a Cross-Sectional Study,"Ye, Carrie; Zweck, Elric; Ma, Zechen; Smith, Justin; Katz, Steven",2024,ARTHRITIS & RHEUMATOLOGY,MAR,76,3,479,484
0,,ChatGPT for generating multiple-choice questions: Evidence on the use of artificial intelligence in automatic item generation for a rational pharmacotherapy exam,"Kiyak, Yavuz Selim; Coskun, Ozlem; Budakoglu, Isil Irem; Uluoglu, Canan",2024,EUROPEAN JOURNAL OF CLINICAL PHARMACOLOGY,MAY,80,5,729,735
0,,Impact of misinformation from generative AI on user information processing: How people understand misinformation from generative AI,"Shin, Donghee; Koerber, Amy; Lim, Joon Soo",2024,NEW MEDIA & SOCIETY,2024 MAR 20,,,,
0,,"Navigating the confluence of artificial intelligence and education for sustainable development in the era of industry 4.0: Challenges, opportunities, and ethical dimensions","Abulibdeh, Ammar; Zaidan, Esmat; Abulibdeh, Rawan",2024,JOURNAL OF CLEANER PRODUCTION,JAN 15,437,,,
0,,Artificial intelligence and social media on academic performance and mental well-being: Student perceptions of positive impact in the age of smart learning,"Shahzad, Muhammad Farrukh; Xu, Shuo; Lim, Weng Marc; Yang, Xingbing; Khan, Qasim Raza",2024,HELIYON,APR 30,10,8,,
0,,"Tangible computing tools in AI education: Approach to improve elementary students' knowledge, perception, and behavioral intention towards AI","Kim, Keunjae; Kwon, Kyungbin",2024,EDUCATION AND INFORMATION TECHNOLOGIES,SEP,29,13,16125,16156
0,,Generative AI in higher education and beyond,"Hashmi, Nada; Bal, Anjali S.",2024,BUSINESS HORIZONS,SEP-OCT,67,5,607,614
0,,"AI-enabled organoids: Construction, analysis, and application","Bai, Long; Wu, Yan; Li, Guangfeng; Zhang, Wencai; Zhang, Hao; Su, Jiacan",2024,BIOACTIVE MATERIALS,JAN,31,,525,548
0,,Empowering personalized pharmacogenomics with generative AI solutions,"Murugan, Mullai; Yuan, Bo; Venner, Eric; Ballantyne, Christie M.; Robinson, Katherine M.; Coons, James C.; Wang, Liwen; Empey, Philip E.; Gibbs, Richard A.",2024,JOURNAL OF THE AMERICAN MEDICAL INFORMATICS ASSOCIATION,MAY 20,31,6,1356,1366
0,,An overview of the magnetic field effect on heat transfer and entropy generation in cavities: Application of the second law of thermodynamics and artificial intelligence,"Bayareh, Morteza; Baghoolizadeh, Mohammadreza",2024,INTERNATIONAL COMMUNICATIONS IN HEAT AND MASS TRANSFER,FEB,151,,,
0,,"Automated writing evaluation systems: A systematic review of Grammarly, Pigai, and Criterion with a perspective on future directions in the age of generative artificial intelligence","Ding, Linqian; Zou, Di",2024,EDUCATION AND INFORMATION TECHNOLOGIES,2024 JAN 3,,,,
0,,Revisiting the hybrid approach of anomaly detection and extreme value theory for estimating pedestrian crashes using traffic conflicts obtained from artificial intelligence-based video analytics,"Hussain, Fizza; Ali, Yasir; Li, Yuefeng; Haque, Md Mazharul",2024,ACCIDENT ANALYSIS AND PREVENTION,MAY,199,,,
0,,Enhancing User Experience With a Generative AI Chatbot,"Kim, Jeong Soo; Kim, Minseong; Baek, Tae Hyun",2025,INTERNATIONAL JOURNAL OF HUMAN-COMPUTER INTERACTION,JAN 2,41,1,651,663
0,,A multimodal generative AI copilot for human pathology,"Lu, Ming Y.; Chen, Bowen; Williamson, Drew F. K.; Chen, Richard J.; Zhao, Melissa; Chow, Aaron K.; Ikemura, Kenji; Kim, Ahrong; Pouli, Dimitra; Patel, Ankush; Soliman, Amr; Chen, Chengkuan; Ding, Tong; Wang, Judy J.; Gerber, Georg; Liang, Ivy; Le, Long Phi; Parwani, Anil V.; Weishaupt, Luca L.; Mahmood, Faisal",2024,NATURE,OCT 10,634,8033,,
0,,Attitudes towards AI: measurement and associations with personality,"Stein, Jan-Philipp; Messingschlager, Tanja; Gnambs, Timo; Hutmacher, Fabian; Appel, Markus",2024,SCIENTIFIC REPORTS,FEB 5,14,1,,
0,,The Caring Machine: Feeling AI for Customer Care,"Huang, Ming-Hui; Rust, Roland T.",2024,JOURNAL OF MARKETING,SEP,88,5,1,23
0,,AI and the falling sky: interrogating X-Risk,"Jecker, Nancy S.; Atuire, Caesar Alimsinya; Belisle-Pipon, Jean-Christophe; Ravitsky, Vardit; Ho, Anita",2024,JOURNAL OF MEDICAL ETHICS,DEC,50,12,811,817
0,,Reinvent 4: Modern AI-driven generative molecule design,"Loeffler, Hannes H.; He, Jiazhen; Tibo, Alessandro; Janet, Jon Paul; Voronov, Alexey; Mervin, Lewis H.; Engkvist, Ola",2024,JOURNAL OF CHEMINFORMATICS,FEB 21,16,1,,
0,,AI models collapse when trained on recursively generated data,"Shumailov, Ilia; Shumaylov, Zakhar; Zhao, Yiren; Papernot, Nicolas; Anderson, Ross; Gal, Yarin",2024,NATURE,JUL 25,631,8022,,
0,,"Optimizing Eriochrome Black T adsorption through In-Situ polymerization of Poly(aniline-co-formaldehyde) on biochar: Multivariate approach using full factorial Design, Box-Behnken, Artificial intelligence, and DFT","Bouzid, Taoufiq; Grich, Abdelali; Naboulsi, Aicha; Regti, Abdelmajid; El Himri, Mamoune; El Haddad, Mohammadine",2024,SEPARATION AND PURIFICATION TECHNOLOGY,DEC 24,351,,,
0,,"Digital twin simulation modeling, artificial intelligence-based Internet of Manufacturing Things systems, and virtual machine and cognitive computing algorithms in the Industry 4.0-based Slovak labor market","Valaskova, Katarina; Nagy, Marek; Grecu, Gheorghe",2024,OECONOMIA COPERNICANA,MAR,15,1,95,143
0,,AI-Enabled Space-Air-Ground Integrated Networks: Management and Optimization,"Zhang, Peiying; Chen, Ning; Shen, Shigen; Yu, Shui; Kumar, Neeraj; Hsu, Ching-Hsien",2024,IEEE NETWORK,MAR,38,2,186,192
0,,AI is Changing the World: For Better or for Worse?,"Grewal, Dhruv; Guha, Abhijit; Becker, Marc",2024,JOURNAL OF MACROMARKETING,DEC,44,4,870,882
0,,The potential of generative AI for personalized persuasion at scale,"Matz, S. C.; Teeny, J. D.; Vaid, S. S.; Peters, H.; Harari, G. M.; Cerf, M.",2024,SCIENTIFIC REPORTS,FEB 26,14,1,,
0,,Assessing AI-Powered Patient Education: A Case Study in Radiology,"Kuckelman, Ian J.; Yi, Paul H.; Bui, Molinna; Onuh, Ifeanyi; Anderson, Jade A.; Ross, Andrew B.",2024,ACADEMIC RADIOLOGY,JAN,31,1,338,342
0,,Shaping the future of AI in healthcare through ethics and governance,"Bouderhem, Rabai",2024,HUMANITIES & SOCIAL SCIENCES COMMUNICATIONS,MAR 15,11,1,,
0,,ChatGPT: The transformative influence of generative AI on science and healthcare,"Varghese, Julian; Chapiro, Julius",2024,JOURNAL OF HEPATOLOGY,JUN,80,6,977,980
0,,How to use generative AI as a human resource management assistant,"Aguinis, Herman; Beltran, Jose R.; Cope, Amando",2024,ORGANIZATIONAL DYNAMICS,JAN-MAR,53,1,,
0,,Feedback sources in essay writing: peer-generated or AI-generated feedback?,"Banihashem, Seyyed Kazem; Kerman, Nafiseh Taghizadeh; Noroozi, Omid; Moon, Jewoong; Drachsler, Hendrik",2024,INTERNATIONAL JOURNAL OF EDUCATIONAL TECHNOLOGY IN HIGHER EDUCATION,APR 12,21,1,,
0,,AI-Powered Innovation in Digital Transformation: Key Pillars and Industry Impact,"Aldoseri, Abdulaziz; Al-Khalifa, Khalifa N.; Hamouda, Abdel Magid",2024,SUSTAINABILITY,MAR,16,5,,
0,,Automatic AI-based contouring of prostate MRI for online adaptive radiotherapy,"Nachbar, Marcel; lo Russo, Monica; Gani, Cihan; Boeke, Simon; Wegener, Daniel; Paulsen, Frank; Zips, Daniel; Roque, Thais; Paragios, Nikos; Thorwarth, Daniela",2024,ZEITSCHRIFT FUR MEDIZINISCHE PHYSIK,MAY,34,2,197,207
0,,Task-Oriented Over-the-Air Computation for Multi-Device Edge AI,"Wen, Dingzhu; Jiao, Xiang; Liu, Peixi; Zhu, Guangxu; Shi, Yuanming; Huang, Kaibin",2024,IEEE TRANSACTIONS ON WIRELESS COMMUNICATIONS,MAR,23,3,2039,2053
0,,Heterogeneity and predictors of the effects of AI assistance on radiologists,"Yu, Feiyang; Moehring, Alex; Banerjee, Oishi; Salz, Tobias; Agarwal, Nikhil; Rajpurkar, Pranav",2024,NATURE MEDICINE,MAR,30,3,837,849
0,,How does artificial intelligence master urological board examinations? A comparative analysis of different Large Language Models' accuracy and reliability in the 2022 In-Service Assessment of the European Board of Urology,"Kollitsch, Lisa; Eredics, Klaus; Marszalek, Martin; Rauchenwald, Michael; Brookman-May, Sabine D.; Burger, Maximilian; Koerner-Riffard, Katharina; May, Matthias",2024,WORLD JOURNAL OF UROLOGY,JAN 10,42,1,,
0,,Dermatologist-like explainable AI enhances trust and confidence in diagnosing melanoma,"Chanda, Tirtha; Hauser, Katja; Hobelsberger, Sarah; Bucher, Tabea-Clara; Garcia, Carina Nogueira; Wies, Christoph; Kittler, Harald; Tschandl, Philipp; Navarrete-Dechent, Cristian; Podlipnik, Sebastian; Chousakos, Emmanouil; Crnaric, Iva; Majstorovic, Jovana; Alhajwan, Linda; Foreman, Tanya; Peternel, Sandra; Sarap, Sergei; Ozdemir, Irem; Barnhill, Raymond L.; Llamas-Velasco, Mar; Poch, Gabriela; Korsing, Soeren; Sondermann, Wiebke; Gellrich, Frank Friedrich; Heppt, Markus V.; Erdmann, Michael; Haferkamp, Sebastian; Drexler, Konstantin; Goebeler, Matthias; Schilling, Bastian; Utikal, Jochen S.; Ghoreschi, Kamran; Froehling, Stefan; Krieghoff-Henning, Eva; Brinker, Titus J.",2024,NATURE COMMUNICATIONS,JAN 15,15,1,,
0,,A Turing test of whether AI chatbots are behaviorally similar to humans,"Mei, Qiaozhu; Xie, Yutong; Yuan, Walter; Jackson, Matthew O.",2024,PROCEEDINGS OF THE NATIONAL ACADEMY OF SCIENCES OF THE UNITED STATES OF AMERICA,FEB 27,121,9,,
0,,Quality of information and appropriateness of Open AI outputs for prostate cancer,"Lombardo, Riccardo; Gallo, Giacomo; Stira, Jordi; Turchi, Beatrice; Santoro, Giuseppe; Riolo, Sara; Romagnoli, Matteo; Cicione, Antonio; Tema, Giorgia; Pastore, Antonio; Al Salhi, Yazan; Fuschi, Andrea; Franco, Giorgio; Nacchia, Antonio; Tubaro, Andrea; De Nunzio, Cosimo",2024,PROSTATE CANCER AND PROSTATIC DISEASES,2024 JAN 16,,,,
0,,"Eu AI sovereignty: for whom, to what end, and to whose benefit?","Mugge, Daniel",2024,JOURNAL OF EUROPEAN PUBLIC POLICY,AUG 2,31,8,2200,2225
0,,PubTator 3.0: an AI-powered literature resource for unlocking biomedical knowledge,"Wei, Chih-Hsuan; Allot, Alexis; Lai, Po-Ting; Leaman, Robert; Tian, Shubo; Luo, Ling; Jin, Qiao; Wang, Zhizheng; Chen, Qingyu; Lu, Zhiyong",2024,NUCLEIC ACIDS RESEARCH,APR 4,52,W1,W540,W546
0,,Using AI chatbots in climate change mitigation: a moderated serial mediation model,"Lee, Seyoung; Park, Younjung; Park, Gain",2024,BEHAVIOUR & INFORMATION TECHNOLOGY,DEC 9,43,16,4016,4032
0,,AI-Generated Draft Replies Integrated Into Health Records and Physicians' Electronic Communication,"Tai-Seale, Ming; Baxter, Sally L.; Vaida, Florin; Walker, Amanda; Sitapati, Amy M.; Osborne, Chad; Diaz, Joseph; Desai, Nimit; Webb, Sophie; Polston, Gregory; Helsten, Teresa; Gross, Erin; Thackaberry, Jessica; Mandvi, Ammar; Lillie, Dustin; Li, Steve; Gin, Geneen; Achar, Suraj; Hofflich, Heather; Sharp, Christopher; Millen, Marlene; Longhurst, Christopher A.",2024,JAMA NETWORK OPEN,APR 15,7,4,,
0,,The paradoxes of generative AI-enabled customer service: A guide for managers,"Ferraro, Carla; Demsar, Vlad; Sands, Sean; Restrepo, Mariluz; Campbell, Colin",2024,BUSINESS HORIZONS,SEP-OCT,67,5,549,559
0,,"Task-Oriented Sensing, Computation, and Communication Integration for Multi-Device Edge AI","Wen, Dingzhu; Liu, Peixi; Zhu, Guangxu; Shi, Yuanming; Xu, Jie; Eldar, Yonina C.; Cui, Shuguang",2024,IEEE TRANSACTIONS ON WIRELESS COMMUNICATIONS,MAR,23,3,2486,2502
0,,How to build a competitive advantage for your brand using generative AI,"Cui, Yuanyuan (Gina); van Esch, Patrick; Phelan, Steven",2024,BUSINESS HORIZONS,SEP-OCT,67,5,583,594
0,,Attention is all you need: utilizing attention in AI-enabled drug discovery,"Zhang, Yang; Liu, Caiqi; Liu, Mujiexin; Liu, Tianyuan; Lin, Hao; Huang, Cheng-Bing; Ning, Lin",2024,BRIEFINGS IN BIOINFORMATICS,JAN,25,1,,
0,,Generative AI for designing and validating easily synthesizable and structurally novel antibiotics,"Swanson, Kyle; Liu, Gary; Catacutan, Denise B.; Arnold, Autumn; Zou, James; Stokes, Jonathan M.",2024,NATURE MACHINE INTELLIGENCE,MAR,6,3,,
0,,Exploring Collaborative Distributed Diffusion-Based AI-Generated Content (AIGC) in Wireless Networks,"Du, Hongyang; Zhang, Ruichen; Niyato, Dusit; Kang, Jiawen; Xiong, Zehui; Kim, Dong In; Shen, Xuemin; Poor, H. Vincent",2024,IEEE NETWORK,MAY,38,3,178,186
0,,The ChatGPT effect and transforming nursing education with generative AI: Discussion paper,"Gosak, Lucija; Pruinelli, Lisiane; Topaz, Maxim; Stiglic, Gregor",2024,NURSE EDUCATION IN PRACTICE,FEB,75,,,
0,,AI Psychometrics: Assessing the Psychological Profiles of Large Language Models Through Psychometric Inventories,"Pellert, Max; Lechner, Clemens M.; Wagner, Claudia; Rammstedt, Beatrice; Strohmaier, Markus",2024,PERSPECTIVES ON PSYCHOLOGICAL SCIENCE,SEP,19,5,808,826
0,,AI-based additive manufacturing for future food: Potential applications challenges and possible solutions,"Yu, Qi; Zhang, Min; Mujumdar, Arun S.; Li, Jingyuan",2024,INNOVATIVE FOOD SCIENCE & EMERGING TECHNOLOGIES,MAR,92,,,
0,,AI-Driven Digital Twin Model for Reliable Lithium-Ion Battery Discharge Capacity Predictions,"Nair, Pranav; Vakharia, Vinay; Shah, Milind; Kumar, Yogesh; Wozniak, Marcin; Shafi, Jana; Fazal Ijaz, Muhammad",2024,INTERNATIONAL JOURNAL OF INTELLIGENT SYSTEMS,JAN 29,2024,,,
0,,Innovating by prompting: How to facilitate innovation in the age of generative AI,"Sundberg, Leif; Holmstrom, Jonny",2024,BUSINESS HORIZONS,SEP-OCT,67,5,561,570
0,,Towards Human-Centered Explainable AI: A Survey of User Studies for Model Explanations,"Rong, Yao; Leemann, Tobias; Nguyen, Thai-Trang; Fiedler, Lisa; Qian, Peizhu; Unhelkar, Vaibhav; Seidel, Tina; Kasneci, Gjergji; Kasneci, Enkelejda",2024,IEEE TRANSACTIONS ON PATTERN ANALYSIS AND MACHINE INTELLIGENCE,APR,46,4,2104,2122
0,,AI is a viable alternative to high throughput screening: a 318-target study,"Wallach, Izhar; Bernard, Denzil; Nguyen, Kong; Ho, Gregory; Morrison, Adrian; Stecula, Adrian; Rosnik, Andreana; O'Sullivan, Ann Marie; Davtyan, Aram; Samudio, Ben; Thomas, Bill; Worley, Brad; Butler, Brittany; Laggner, Christian; Thayer, Desiree; Moharreri, Ehsan; Friedland, Greg; Truong, Ha; van den Bedem, Henry; Ng, Ho Leung; Stafford, Kate; Sarangapani, Krishna; Giesler, Kyle; Ngo, Lien; Mysinger, Michael; Ahmed, Mostafa; Anthis, Nicholas J.; Henriksen, Niel; Gniewek, Pawel; Eckert, Sam; de Oliveira, Saulo; Suterwala, Shabbir; PrasadPrasad, Srimukh Veccham Krishna; Shek, Stefani; Contreras, Stephanie; Hare, Stephanie; Palazzo, Teresa; O'Brien, Terrence E.; Van Grack, Tessa; Williams, Tiffany; Chern, Ting-Rong; Kenyon, Victor; Lee, Andreia H.; Cann, Andrew B.; Bergman, Bastiaan; Anderson, Brandon M.; Cox, Bryan D.; Warrington, Jeffrey M.; Sorenson, Jon M.; Goldenberg, Joshua M.; Young, Matthew A.; DeHaan, Nicholas; Pemberton, Ryan P.; Schroedl, Stefan; Abramyan, Tigran M.; Gupta, Tushita; Mysore, Venkatesh; Presser, Adam G.; Ferrando, Adolfo A.; Andricopulo, Adriano D.; Ghosh, Agnidipta; Ayachi, Aicha Gharbi; Mushtaq, Aisha; Shaqra, Ala M.; Toh, Alan Kie Leong; Smrcka, Alan V.; Ciccia, Alberto; de Oliveira, Aldo Sena; Sverzhinsky, Aleksandr; de Sousa, Alessandra Mara; Agoulnik, Alexander I.; Kushnir, Alexander; Freiberg, Alexander N.; Statsyuk, Alexander V.; Gingras, Alexandre R.; Degterev, Alexei; Tomilov, Alexey; Vrielink, Alice; Garaeva, Alisa A.; Bryant-Friedrich, Amanda; Caflisch, Amedeo; Patel, Amit K.; Rangarajan, Amith Vikram; Matheeussen, An; Battistoni, Andrea; Caporali, Andrea; Chini, Andrea; Ilari, Andrea; Mattevi, Andrea; Foote, Andrea Talbot; Trabocchi, Andrea; Stahl, Andreas; Herr, Andrew B.; Berti, Andrew; Freywald, Andrew; Reidenbach, Andrew G.; Lam, Andrew; Cuddihy, Andrew R.; White, Andrew; Taglialatela, Angelo; Ojha, Anil K.; Cathcart, Ann M.; Motyl, Anna A. L.; Borowska, Anna; D'Antuono, Anna; Hirsch, Anna K. H.; Porcelli, Anna Maria; Minakova, Anna; Montanaro, Anna; Mueller, Anna; Fiorillo, Annarita; Virtanen, Anniina; O'Donoghue, Anthony J.; Flores, Antonio Del Rio; Garmendia, Antonio E.; Pineda-Lucena, Antonio; Panganiban, Antonito T.; Samantha, Ariela; Chatterjee, Arnab K.; Haas, Arthur L.; Paparella, Ashleigh S.; John, Ashley L. St; Prince, Ashutosh; ElSheikh, Assmaa; Apfel, Athena Marie; Colomba, Audrey; O'Dea, Austin; Diallo, Bakary N'tji; Ribeiro, Beatriz Murta Rezende Moraes; Bailey-Elkin, Ben A.; Edelman, Benjamin L.; Liou, Benjamin; Perry, Benjamin; Chua, Benjamin Soon Kai; Kovats, Benjamin; Englinger, Bernhard; Balakrishnan, Bijina; Gong, Bin; Agianian, Bogos; Pressly, Brandon; Salas, Brenda P. Medellin; Duggan, Brendan M.; Geisbrecht, Brian V.; Dymock, Brian W.; Morten, Brianna C.; Hammock, Bruce D.; Mota, Bruno Eduardo Fernandes; Dickinson, Bryan C.; Fraser, Cameron; Lempicki, Camille; Novina, Carl D.; Torner, Carles; Ballatore, Carlo; Bon, Carlotta; Chapman, Carly J.; Partch, Carrie L.; Chaton, Catherine T.; Huang, Chang; Yang, Chao-Yie; Kahler, Charlene M.; Karan, Charles; Keller, Charles; Dieck, Chelsea L.; Chen Huimei; Liu, Chen; Peltier, Cheryl; Mantri, Chinmay Kumar; Kemet, Chinyere Maat; Mueller, Christa E.; Weber, Christian; Zeina, Christina M.; Muli, Christine S.; Morisseau, Christophe; Alkan, Cigdem; Reglero, Clara; Loy, Cody A.; Wilson, Cornelia M.; Myhr, Courtney; Arrigoni, Cristina; Paulino, Cristina; Santiago, Cesar; Luo, Dahai; Tumes, Damon J.; Keedy, Daniel A.; Lawrence, Daniel A.; Chen, Daniel; Manor, Danny; Trader, Darci J.; Hildeman, David A.; Drewry, David H.; Dowling, David J.; Hosfield, David J.; Smith, David M.; Moreira, David; Siderovski, David P.; Shum, David; Krist, David T.; Riches, David W. H.; Ferraris, Davide Maria; Anderson, Deborah H.; Coombe, Deirdre R.; Welsbie, Derek S.; Hu, Di; Ortiz, Diana; Alramadhani, Dina; Zhang, Dingqiang; Chaudhuri, Dipayan; Slotboom, Dirk J.; Ronning, Donald R.; Lee, Donghan; Dirksen, Dorian; Shoue, Douglas A.; Zochodne, Douglas William; Krishnamurthy, Durga; Duncan, Dustin; Glubb, Dylan M.; Gelardi, Edoardo Luigi Maria; Hsiao, Edward C.; Lynn, Edward G.; Silva, Elany Barbosa; Aguilera, Elena; Lenci, Elena; Abraham, Elena Theres; Lama, Eleonora; Mameli, Eleonora; Leung, Elisa; Christensen, Emily M.; Mason, Emily R.; Petretto, Enrico; Trakhtenberg, Ephraim F.; Rubin, Eric J.; Strauss, Erick; Thompson, Erik W.; Cione, Erika; Lisabeth, Erika Mathes; Fan, Erkang; Kroon, Erna Geessien; Jo, Eunji; Garcia-Cuesta, Eva M.; Glukhov, Evgenia; Gavathiotis, Evripidis; Yu, Fang; Xiang, Fei; Leng, Fenfei; Wang, Feng; Ingoglia, Filippo; van den Akker, Focco; Borriello, Francesco; Vizeacoumar, Franco J.; Luh, Frank; Buckner, Frederick S.; Vizeacoumar, Frederick S.; Ben Bdira, Fredj; Svensson, Fredrik; Rodriguez, G. Marcela; Bognar, Gabriella; Lembo, Gaia; Zhang, Gang; Dempsey, Garrett; Eitzen, Gary; Mayer, Gaetan; Greene, Geoffrey L.; Garcia, George A.; Lukacs, Gergely L.; Prikler, Gergely; Parico, Gian Carlo G.; Colotti, Gianni; De Keulenaer, Gilles; Cortopassi, Gino; Roti, Giovanni; Girolimetti, Giulia; Fiermonte, Giuseppe; Gasparre, Giuseppe; Leuzzi, Giuseppe; Dahal, Gopal; Michlewski, Gracjan; Conn, Graeme L.; Stuchbury, Grant David; Bowman, Gregory R.; Popowicz, Grzegorz Maria; Veit, Guido; de Souza, Guilherme Eduardo; Akk, Gustav; Caljon, Guy; Alvarez, Guzman; Rucinski, Gwennan; Lee, Gyeongeun; Cildir, Gokhan; Li, Hai; Breton, Hairol E.; Jafar-Nejad, Hamed; Zhou, Han; Moore, Hannah P.; Tilford, Hannah; Yuan, Haynes; Shim, Heesung; Wulff, Heike; Hoppe, Heinrich; Chaytow, Helena; Tam, Heng-Keat; Van Remmen, Holly; Xu, Hongyang; Debonsi, Hosana Maria; Lieberman, Howard B.; Jung, Hoyoung; Fan, Hua-Ying; Feng, Hui; Zhou, Hui; Kim, Hyeong Jun; Greig, Iain R.; Caliandro, Ileana; Corvo, Ileana; Arozarena, Imanol; Mungrue, Imran N.; Verhamme, Ingrid M.; Qureshi, Insaf Ahmed; Lotsaris, Irina; Cakir, Isin; Perry, J. Jefferson P.; Kwiatkowski, Jacek; Boorman, Jacob; Ferreira, Jacob; Fries, Jacob; Kratz, Jadel Mueller; Miner, Jaden; Siqueira-Neto, Jair L.; Granneman, James G.; Ng, James; Shorter, James; Voss, Jan Hendrik; Gebauer, Jan M.; Chuah, Janelle; Mousa, Jarrod J.; Maynes, Jason T.; Evans, Jay D.; Dickhout, Jeffrey; MacKeigan, Jeffrey P.; Jossart, Jennifer N.; Zhou, Jia; Lin, Jiabei; Xu, Jiake; Wang, Jianghai; Zhu, Jiaqi; Liao, Jiayu; Xu, Jingyi; Zhao, Jinshi; Lin, Jiusheng; Lee, Jiyoun; Reis, Joana; Stetefeld, Joerg; Bruning, John B.; Bruning, John Burt; Coles, John G.; Tanner, John J.; Pascal, John M.; So, Jonathan; Pederick, Jordan L.; Costoya, Jose A.; Rayman, Joseph B.; Maciag, Joseph J.; Nasburg, Joshua Alexander; Gruber, Joshua J.; Finkelstein, Joshua M.; Watkins, Joshua; Rodriguez-Frade, Jose Miguel; Arias, Juan Antonio Sanchez; Lasarte, Juan Jose; Oyarzabal, Julen; Milosavljevic, Julian; Cools, Julie; Lescar, Julien; Bogomolovas, Julijus; Wang, Jun; Kee, Jung-Min; Kee, Jung-Min; Liao, Junzhuo; Sistla, Jyothi C.; Abrahao, Jonatas Santos; Sishtla, Kamakshi; Francisco, Karol R.; Hansen, Kasper B.; Molyneaux, Kathleen A.; Cunningham, Kathryn A.; Martin, Katie R.; Gadar, Kavita; Ojo, Kayode K.; Wong, Keith S.; Wentworth, Kelly L.; Lai, Kent; Lobb, Kevin A.; Hopkins, Kevin M.; Parang, Keykavous; Machaca, Khaled; Pham, Kien; Ghilarducci, Kim; Sugamori, Kim S.; McManus, Kirk James; Musta, Kirsikka; Faller, Kiterie M. E.; Nagamori, Kiyo; Mostert, Konrad J.; Korotkov, Konstantin V.; Liu, Koting; Smith, Kristiana S.; Sarosiek, Kristopher; Rohde, Kyle H.; Kim, Kyu Kwang; Lee, Kyung Hyeon; Pusztai, Lajos; Lehtio, Lari; Haupt, Larisa M.; Cowen, Leah E.; Byrne, Lee J.; Su, Leila; Wert-Lamas, Leon; Puchades-Carrasco, Leonor; Chen, Lifeng; Malkas, Linda H.; Zhuo, Ling; Hedstrom, Lizbeth; Hedstrom, Lizbeth; Walensky, Loren D.; Antonelli, Lorenzo; Iommarini, Luisa; Whitesell, Luke; Randall, Lia M.; Fathallah, M. Dahmani; Nagai, Maira Harume; Kilkenny, Mairi Louise; Ben-Johny, Manu; Lussier, Marc P.; Windisch, Marc P.; Lolicato, Marco; Lolli, Marco Lucio; Vleminckx, Margot; Caroleo, Maria Cristina; Macias, Maria J.; Valli, Marilia; Barghash, Marim M.; Mellado, Mario; Tye, Mark A.; Wilson, Mark A.; Hannink, Mark; Ashton, Mark R.; dela Cerna, Mark Vincent C.; Giorgis, Marta; Safo, Martin K.; St Maurice, Martin; McDowell, Mary Ann; Pasquali, Marzia; Mehedi, Masfique; Serafim, Mateus Sa Magalhaes; Soellner, Matthew B.; Alteen, Matthew G.; Champion, Matthew M.; Skorodinsky, Maxim; O'Mara, Megan L.; Bedi, Mel; Rizzi, Menico; Levin, Michael; Mowat, Michael; Jackson, Michael R.; Paige, Mikell; Al-Yozbaki, Minnatallah; Giardini, Miriam A.; Maksimainen, Mirko M.; De Luise, Monica; Hussain, Muhammad Saddam; Christodoulides, Myron; Stec, Natalia; Zelinskaya, Natalia; Van Pelt, Natascha; Merrill, Nathan M.; Singh, Nathanael; Kootstra, Neeltje A.; Singh, Neeraj; Gandhi, Neha S.; Chan, Nei-Li; Trinh, Nguyen Mai; Schneider, Nicholas O.; Matovic, Nick; Horstmann, Nicola; Longo, Nicola; Bharambe, Nikhil; Rouzbeh, Nirvan; Mahmoodi, Niusha; Gumede, Njabulo Joyfull; Anastasio, Noelle C.; Ben Khalaf, Noureddine; Rabal, Obdulia; Kandror, Olga; Escaffre, Olivier; Silvennoinen, Olli; Bishop, Ozlem Tastan; Iglesias, Pablo; Sobrado, Pablo; Chuong, Patrick; O'Connell, Patrick; Martin-Malpartida, Pau; Mellor, Paul; Fish, Paul V.; Moreira, Paulo Otavio Lourenco; Zhou, Pei; Liu, Pengda; Liu, Pengda; Wu, Pengpeng; Agogo-Mawuli, Percy; Jones, Peter L.; Ngoi, Peter; Toogood, Peter; Ip, Philbert; von Hundelshausen, Philipp; Lee, Pil H.; Rowswell-Turner, Rachael B.; Balana-Fouce, Rafael; Rocha, Rafael Eduardo Oliveira; Guido, Rafael V. C.; Ferreira, Rafaela Salgado; Agrawal, Rajendra K.; Harijan, Rajesh K.; Ramachandran, Rajesh; Verma, Rajkumar; Singh, Rakesh K.; Tiwari, Rakesh Kumar; Mazitschek, Ralph; Koppisetti, Rama K.; Dame, Remus T.; Douville, Renee N.; Austin, Richard C.; Taylor, Richard E.; Moore, Richard G.; Ebright, Richard H.; Angell, Richard M.; Yan, Riqiang; Kejriwal, Rishabh; Batey, Robert A.; Blelloch, Robert; Vandenberg, Robert J.; Hickey, Robert J.; Kelm, Robert J., Jr.; Lake, Robert J.; Bradley, Robert K.; Blumenthal, Robert M.; Solano, Roberto; Gierse, Robin Matthias; Viola, Ronald E.; McCarthy, Ronan R.; Reguera, Rosa Maria; Uribe, Ruben Vazquez; do Monte-Neto, Rubens Lima; Gorgoglione, Ruggiero; Cullinane, Ryan T.; Katyal, Sachin; Hossain, Sakib; Phadke, Sameer; Shelburne, Samuel A.; Geden, Sandra E.; Johannsen, Sandra; Wazir, Sarah; Legare, Scott; Landfear, Scott M.; Radhakrishnan, Senthil K.; Ammendola, Serena; Dzhumaev, Sergei; Seo, Seung-Yong; Li, Shan; Zhou, Shan; Chu, Shaoyou; Chauhan, Shefali; Maruta, Shinsaku; Ashkar, Shireen R.; Shyng, Show-Ling; Conticello, Silvestro G.; Buroni, Silvia; Garavaglia, Silvia; White, Simon J.; Zhu, Siran; Tsimbalyuk, Sofiya; Chadni, Somaia Haque; Byun, Soo Young; Park, Soonju; Xu, Sophia Q.; Banerjee, Sourav; Zahler, Stefan; Espinoza, Stefano; Gustincich, Stefano; Sainas, Stefano; Celano, Stephanie L.; Capuzzi, Stephen J.; Waggoner, Stephen N.; Poirier, Steve; Olson, Steven H.; Marx, Steven O.; Van Doren, Steven R.; Sarilla, Suryakala; Brady-Kalnay, Susann M.; Dallman, Sydney; Azeem, Syeda Maryam; Teramoto, Tadahisa; Mehlman, Tamar; Swart, Tarryn; Abaffy, Tatjana; Akopian, Tatos; Haikarainen, Teemu; Moreda, Teresa Lozano; Ikegami, Tetsuro; Teixeira, Thaiz Rodrigues; Jayasinghe, Thilina D.; Gillingwater, Thomas H.; Kampourakis, Thomas; Richardson, Timothy I.; Herdendorf, Timothy J.; Kotze, Timothy J.; O'Meara, Timothy R.; Corson, Timothy W.; Hermle, Tobias; Ogunwa, Tomisin Happy; Lan, Tong; Su, Tong; Banjo, Toshihiro; O'Mara, Tracy A.; Chou, Tristan; Chou, Tsui-Fen; Baumann, Ulrich; Desai, Umesh R.; Pai, Vaibhav P.; Thai, Van Chi; Tandon, Vasudha; Banerji, Versha; Robinson, Victoria L.; Gunasekharan, Vignesh; Namasivayam, Vigneshwaran; Segers, Vincent F. M.; Maranda, Vincent; Dolce, Vincenza; Maltarollo, Vinicius Goncalves; Scoffone, Viola Camilla; Woods, Virgil A.; Ronchi, Virginia Paola; Le, Vuong Van Hung; Clayton, W. Brent; Lowther, W. Todd; Houry, Walid A.; Li, Wei; Tang, Weiping; Zhang, Wenjun; Van Voorhis, Wesley C.; Donaldson, William A.; Hahn, William C.; Kerr, William G.; Gerwick, William H.; Bradshaw, William J.; Foong, Wuen Ee; Blanchet, Xavier; Wu, Xiaoyang; Lu, Xin; Qi, Xin; Xu, Xin; Yu, Xinfang; Qin, Xingping; Wang, Xingyou; Yuan, Xinrui; Zhang, Xu; Zhang, Yan Jessie; Hu, Yanmei; Aldhamen, Yasser Ali; Chen, Yicheng; Li, Yihe; Sun, Ying; Zhu, Yini; Gupta, Yogesh K.; Perez-Pertejo, Yolanda; Li, Yong; Tang, Young; He, Yuan; Tse-Dinh, Yuk-Ching; Sidorova, Yulia A.; Yen, Yun; Li, Yunlong; Frangos, Zachary J.; Chung, Zara; Su, Zhengchen; Wang, Zhenghe; Zhang, Zhiguo; Liu, Zhongle; Inde, Zintis; Artia, Zoraima; Heifets, Abraham",2024,SCIENTIFIC REPORTS,APR 2,14,1,,
0,,Bridging the literacy gap for surgical consents: an AI-human expert collaborative approach,"Ali, Rohaid; Connolly, Ian D.; Tang, Oliver Y.; Mirza, Fatima N.; Johnston, Benjamin; Abdulrazeq, Hael F.; Galamaga, Paul F.; Libby, Tiffany J.; Sodha, Neel R.; Groff, Michael W.; Gokaslan, Ziya L.; Telfeian, Albert E.; Shin, John H.; Asaad, Wael F.; Zou, James; Doberstein, Curtis E.",2024,NPJ DIGITAL MEDICINE,MAR 8,7,1,,
0,,Generative AI in Medical Practice: In-Depth Exploration of Privacy and Security Challenges,"Chen, Yan; Esmaeilzadeh, Pouyan",2024,JOURNAL OF MEDICAL INTERNET RESEARCH,MAR 8,26,,,
0,,Automated social presence in AI: Avoiding consumer psychological tensions to improve service value,"Flavian, Carlos; Belk, Russell W.; Belanche, Daniel; Casalo, Luis, V",2024,JOURNAL OF BUSINESS RESEARCH,MAR,175,,,
0,,AI adoption rate and corporate green innovation efficiency: Evidence from Chinese energy companies,"Wang, Zongrun; Zhang, Taiyu; Ren, Xiaohang; Shi, Yukun",2024,ENERGY ECONOMICS,APR,132,,,
0,,The EU passes the AI Act and its implications for digital medicine are unclear,"Gilbert, Stephen",2024,NPJ DIGITAL MEDICINE,MAY 22,7,1,,
0,,The influence of AI text generators on critical thinking skills in UK business schools,"Essien, Aniekan; Bukoye, Oyegoke Teslim; O'Dea, Christine; Kremantzis, Marios",2024,STUDIES IN HIGHER EDUCATION,MAY 3,49,5,865,882
0,,Using AI-driven chatbots to foster Chinese EFL students' academic engagement: An intervention study,"Wang, Yongliang; Xue, Lina",2024,COMPUTERS IN HUMAN BEHAVIOR,OCT,159,,,
0,,Unraveling Effects of AI Chatbots on EFL Learners' Language Skill Development: A Meta-analysis,"Wu, Xueqing; Li, Rui",2024,ASIA-PACIFIC EDUCATION RESEARCHER,2024 MAY 2,,,,
0,,scGPT: toward building a foundation model for single-cell multi-omics using generative AI,"Cui, Haotian; Wang, Chloe; Maan, Hassaan; Pang, Kuan; Luo, Fengning; Duan, Nan; Wang, Bo",2024,NATURE METHODS,AUG,21,8,,
0,,Periapical Lesions in Panoramic Radiography and CBCT Imaging-Assessment of AI's Diagnostic Accuracy,"Kazimierczak, Wojciech; Wajer, Roza; Wajer, Adrian; Kiian, Veronica; Kloska, Anna; Kazimierczak, Natalia; Janiszewska-Olszowska, Joanna; Serafin, Zbigniew",2024,JOURNAL OF CLINICAL MEDICINE,MAY,13,9,,
0,,AI-induced emotions in L2 education: Exploring EFL students' perceived emotions and regulation strategies,"Yang, Lei; Zhao, Shu",2024,COMPUTERS IN HUMAN BEHAVIOR,OCT,159,,,
0,,Creational and conversational AI affordances: How the new breed of chatbots is revolutionizing knowledge industries,"Ramaul, Laavanya; Ritala, Paavo; Ruokonen, Mika",2024,BUSINESS HORIZONS,SEP-OCT,67,5,615,627
0,,Intelligent Productivity Transformation: Corporate Market Demand Forecasting With the Aid of an AI Virtual Assistant,"Liu, Bojing; Li, Mengxiang; Ji, Zihui; Li, Hongming; Luo, Ji",2024,JOURNAL OF ORGANIZATIONAL AND END USER COMPUTING,,36,1,,
0,,Public perception of generative AI on Twitter: an empirical study based on occupation and usage,"Miyazaki, Kunihiro; Murayama, Taichi; Uchiba, Takayuki; An, Jisun; Kwak, Haewoon",2024,EPJ DATA SCIENCE,JAN 8,13,1,,
0,,Academic communication with AI-powered language tools in higher education: From a post-humanist perspective,"Ou, Amy Wanyu; Stohr, Christian; Malmstrom, Hans",2024,SYSTEM,APR,121,,,
0,,"Generative AI in healthcare: an implementation science informed translational path on application, integration and governance","Reddy, Sandeep",2024,IMPLEMENTATION SCIENCE,MAR 15,19,1,,
0,,Embracing digital companions: Unveiling customer engagement with anthropomorphic AI service robots in cross-cultural context,"Mehmood, Khalid; Kautish, Pradeep; Shah, Tejas R.",2024,JOURNAL OF RETAILING AND CONSUMER SERVICES,JUL,79,,,
0,,AI-based automated detection and stability analysis of traumatic vertebral body fractures on computed tomography,"Polzer, Constanze; Yilmaz, Eren; Meyer, Carsten; Jang, Hyungseok; Jansen, Olav; Lorenz, Cristian; Buerger, Christian; Sedaghat, Sam",2024,EUROPEAN JOURNAL OF RADIOLOGY,APR,173,,,
0,,Capacity of Generative AI to Interpret Human Emotions From Visual and Textual Data: Pilot Evaluation Study,"Elyoseph, Zohar; Refoua, Elad; Asraf, Kfir; Lvovsky, Maya; Shimoni, Yoav; Hadar-Shoval, Dorit",2024,JMIR MENTAL HEALTH,,11,,,
0,,Unleashing the Power of Edge-Cloud Generative AI in Mobile Networks: A Survey of AIGC Services,"Xu, Minrui; Du, Hongyang; Niyato, Dusit; Kang, Jiawen; Xiong, Zehui; Mao, Shiwen; Han, Zhu; Jamalipour, Abbas; Kim, Dong In; Shen, Xuemin; Leung, Victor C. M.; Poor, H. Vincent",2024,IEEE COMMUNICATIONS SURVEYS AND TUTORIALS,APR-JUN,26,2,1127,1170
0,,Incorporating AI in foreign language education: An investigation into ChatGPT's effect on foreign language learners,"Karatas, Fatih; Abedi, Faramarz Yasar; Ozek Gunyel, Filiz; Karadeniz, Derya; Kuzgun, Yasemin",2024,EDUCATION AND INFORMATION TECHNOLOGIES,OCT,29,15,19343,19366
0,,How does AI technology integration affect employees' proactive service behaviors? A transactional theory of stress perspective,"Huang, Yingying; Gursoy, Dogan",2024,JOURNAL OF RETAILING AND CONSUMER SERVICES,MAR,77,,,
0,,"Vision Transformers, Ensemble Model, and Transfer Learning Leveraging Explainable AI for Brain Tumor Detection and Classification","Hossain, Shahriar; Chakrabarty, Amitabha; Gadekallu, Thippa Reddy; Alazab, Mamoun; Piran, Md. Jalil",2024,IEEE JOURNAL OF BIOMEDICAL AND HEALTH INFORMATICS,MAR,28,3,1261,1272
0,,On the use of explainable AI for susceptibility modeling: Examining the spatial pattern of SHAP values,"Wang, Nan; Zhang, Hongyan; Dahal, Ashok; Cheng, Weiming; Zhao, Min; Lombardo, Luigi",2024,GEOSCIENCE FRONTIERS,JUL,15,4,,
0,,Reservoir rock typing assessment in a coal-tight sand based heterogeneous geological formation through advanced AI methods,"Ashraf, Umar; Shi, Wanzhong; Zhang, Hucai; Anees, Aqsa; Jiang, Ren; Ali, Muhammad; Mangi, Hassan Nasir; Zhang, Xiaonan",2024,SCIENTIFIC REPORTS,MAR 7,14,1,,
0,,Trustworthy AI in the public sector: An empirical analysis of a Swedish labor market decision-support system,"Berman, Alexander; Licht, Karl de Fine; Carlsson, Vanja",2024,TECHNOLOGY IN SOCIETY,MAR,76,,,
0,,"A comprehensive review of AI-enhanced smart grid integration for hydrogen energy: Advances, challenges, and future prospects","Saberikamarposhti, Morteza; Kamyab, Hesam; Krishnan, Santhana; Yusuf, Mohammad; Rezania, Shahabaldin; Chelliapan, Shreeshivadasan; Khorami, Masoud",2024,INTERNATIONAL JOURNAL OF HYDROGEN ENERGY,MAY 20,67,,1009,1025
0,,Drivers of generative AI adoption in higher education through the lens of the Theory of Planned Behaviour,"Ivanov, Stanislav; Soliman, Mohammad; Tuomi, Aarni; Alkathiri, Nasser Alhamar; Al-Alawi, Alamir N.",2024,TECHNOLOGY IN SOCIETY,JUN,77,,,
0,,Integration of Generative AI Techniques and Applications in Student Behavior and Cognitive Achievement in Arab Higher Education,"Jaboob, Mohammed; Hazaimeh, Manar; Al-Ansi, Abdullah M.",2025,INTERNATIONAL JOURNAL OF HUMAN-COMPUTER INTERACTION,JAN 2,41,1,353,366
0,,Is it harmful or helpful? Examining the causes and consequences of generative AI usage among university students,"Abbas, Muhammad; Jam, Farooq Ahmed; Khan, Tariq Iqbal",2024,INTERNATIONAL JOURNAL OF EDUCATIONAL TECHNOLOGY IN HIGHER EDUCATION,FEB 16,21,1,,
0,,Unpacking AI for hospitality and tourism services: Exploring the role of perceived enjoyment on future use intentions,"Huang, Arthur; Ozturk, Ahmet Bulent; Zhang, Tingting; Velasco, Efren de la Mora; Haney, Adam",2024,INTERNATIONAL JOURNAL OF HOSPITALITY MANAGEMENT,MAY,119,,,
0,,How implementing an AI chatbot impacts Korean as a foreign language learners' willingness to communicate in Korean,"Kim, Arum; Su, Yuzhu",2024,SYSTEM,JUN,122,,,
0,,"AI-Empowered Fog/Edge Resource Management for IoT Applications: A Comprehensive Review, Research Challenges, and Future Perspectives","Walia, Guneet Kaur; Kumar, Mohit; Gill, Sukhpal Singh",2024,IEEE COMMUNICATIONS SURVEYS AND TUTORIALS,JAN-MAR,26,1,619,669
0,,AI-Guided Quantitative Plaque Staging Predicts Long-Term Cardiovascular Outcomes in Patients at Risk for Atherosclerotic CVD,"Nurmohamed, Nick S.; Bom, Michiel J.; Jukema, Ruurt A.; de Groot, Robin J.; Driessen, Roel S.; van Diemen, Pepijn A.; de Winter, Ruben W.; Gaillard, Emilie L.; Sprengers, Ralf W.; Stroes, Erik S. G.; Min, James K.; Earls, James P.; Cardoso, Rhanderson; Blankstein, Ron; Danad, Ibrahim; Choi, Andrew D.; Knaapen, Paul",2024,JACC-CARDIOVASCULAR IMAGING,MAR,17,3,269,280
0,,"AI and the future of IR: Disentangling flesh-and-blood, institutional, and synthetic moral agency in world politics","Erskine, Toni",2024,REVIEW OF INTERNATIONAL STUDIES,MAY,50,3,534,559
0,,Trustworthy clinical AI solutions: A unified review of uncertainty quantification in Deep Learning models for medical image analysis,"Lambert, Benjamin; Forbes, Florence; Doyle, Senan; Dehaene, Harmonie; Dojat, Michel",2024,ARTIFICIAL INTELLIGENCE IN MEDICINE,APR,150,,,
0,,Enhancing academic performance of business students using generative AI: An interactive-constructive-active-passive (ICAP) self-determination perspective,"Gao, Ziyi; Cheah, Jun-Hwa; Lim, Xin-Jean; Luo, Xi",2024,INTERNATIONAL JOURNAL OF MANAGEMENT EDUCATION,JUL,22,2,,
0,,TRIPOD plus AI statement: updated guidance for reporting clinical prediction models that use regression or machine learning methods,"Collins, Gary S.; Moons, Karel G. M.; Dhiman, Paula; Riley, Richard; Beam, Andrew L.; Van Calster, Ben; Ghassemi, Marzyeh; Liu, Xiaoxuan; Reitsma, Johannes B.; van Smeden, Maarten; Boulesteix, Anne-Laure; Camaradou, Jennifer Catherine; Celi, Leo Anthony; Denaxas, Spiros; Denniston, Alastair K.; Glocker, Ben; Golub, Robert M.; Harvey, Hugh; Heinze, Georg; Hoffman, Michael M.; Kengne, Andre Pascal; Lam, Emily; Lee, Naomi; Loder, Elizabeth W.; Maier-Hein, Lena; Mateen, Bilal A.; McCradden, Melissa; Oakden-Rayner, Lauren; Ordish, Johan; Parnell, Richard; Rose, Sherri; Singh, Karandeep; Wynants, Laure; Logullo, Patricia",2024,BMJ-BRITISH MEDICAL JOURNAL,APR 16,385,,,
0,,Designing AI for mental health diagnosis: challenges from sub-Saharan African value-laden judgements on mental health disorders,"Ugar, Edmund Terem; Malele, Ntsumi",2024,JOURNAL OF MEDICAL ETHICS,SEP,50,9,592,595
0,,Environmental performance evaluation of electric enterprises during a power crisis: Evidence from DEA methods and AI prediction algorithms,"Pan, Yinghao; Zhang, Chao -Chao; Lee, Chien -Chiang; Lv, Suxiang",2024,ENERGY ECONOMICS,FEB,130,,,
0,,Impact of AI-focussed technologies on social and technical competencies for HR managers - A systematic review and research agenda,"Deepa, R.; Sekar, Srinivasan; Malik, Ashish; Kumar, Jitender; Attri, Rekha",2024,TECHNOLOGICAL FORECASTING AND SOCIAL CHANGE,MAY,202,,,
0,,Why and how is the power of Big Tech increasing in the policy process? The case of generative AI,"Khanal, Shaleen; Zhang, Hongzhou; Taeihagh, Araz",2024,POLICY AND SOCIETY,2024 MAR 27,,,,
0,,"Comparing the Perspectives of Generative AI, Mental Health Experts, and the General Public on Schizophrenia Recovery: Case Vignette Study","Elyoseph, Zohar; Levkovich, Inbar",2024,JMIR MENTAL HEALTH,,11,,,
0,,Generative AI and the future of higher education: a threat to academic integrity or reformation? Evidence from multicultural perspectives,"Yusuf, Abdullahi; Pervin, Nasrin; Roman-Gonzalez, Marcos",2024,INTERNATIONAL JOURNAL OF EDUCATIONAL TECHNOLOGY IN HIGHER EDUCATION,MAR 25,21,1,,
0,,Investigating AI-based academic support acceptance and its impact on students' performance in Malaysian and Pakistani higher education institutions,"Dahri, Nisar Ahmed; Yahaya, Noraffandy; Al-Rahmi, Waleed Mugahed; Vighio, Muhammad Saleem; Alblehai, Fahad; Soomro, Rahim Bux; Shutaleva, Anna",2024,EDUCATION AND INFORMATION TECHNOLOGIES,OCT,29,14,18695,18744
0,,A comparative vignette study: Evaluating the potential role of a generative AI model in enhancing clinical decision-making in nursing,"Saban, Mor; Dubovi, Ilana",2024,JOURNAL OF ADVANCED NURSING,2024 FEB 17,,,,
0,,A Neural Computing-Based Access Control Protocol for AI-Driven Intelligent Flying Vehicles in Industry 5.0-Assisted Consumer Electronics,"Mahmood, Khalid; Tariq, Tayyaba; Sangaiah, Arun Kumar; Ghaffar, Zahid; Saleem, Muhammad Asad; Shamshad, Salman",2024,IEEE TRANSACTIONS ON CONSUMER ELECTRONICS,FEB,70,1,3573,3581
0,,A Multianalytical SEM-ANN Approach to Investigate the Social Sustainability of AI Chatbots Based on Cybersecurity and Protection Motivation Theory,"Arpaci, Ibrahim",2024,IEEE TRANSACTIONS ON ENGINEERING MANAGEMENT,,71,,1714,1725
0,,Extended TAM based acceptance of AI-Powered ChatGPT for supporting metacognitive self-regulated learning in education: A mixed-methods study,"Dahri, Nisar Ahmed; Yahaya, Noraffandy; Al-Rahmi, Waleed Mugahed; Aldraiweesh, Ahmed; Alturki, Uthman; Almutairy, Sultan; Shutaleva, Anna; Soomro, Rahim Bux",2024,HELIYON,APR 30,10,8,,
0,,"AI Chatbots in Chinese higher education: adoption, perception, and influence among graduate students-an integrated analysis utilizing UTAUT and ECM models","Tian, Weiqi; Ge, Jingshen; Zhao, Yu; Zheng, Xu",2024,FRONTIERS IN PSYCHOLOGY,FEB 7,15,,,
0,,"Developing, purchasing, implementing and monitoring AI tools in radiology: practical considerations. A multi-society statement from the ACR, CAR, ESR, RANZCR & RSNA","Brady, Adrian P.; Allen, Bibb; Chong, Jaron; Kotter, Elmar; Kottler, Nina; Mongan, John; Oakden-Rayner, Lauren; dos Santos, Daniel Pinto; Tang, An; Wald, Christoph; Slavotinek, John",2024,INSIGHTS INTO IMAGING,JAN 22,15,1,,
0,,"Exploring the impact of generative AI-based technologies on learning performance through self-efficacy, fairness & ethics, creativity, and trust in higher education","Shahzad, Muhammad Farrukh; Xu, Shuo; Zahid, Hira",2024,EDUCATION AND INFORMATION TECHNOLOGIES,2024 AUG 24,,,,
0,,Implementing focused echocardiography and AI-supported analysis in a population-based survey in Lesotho: implications for community-based cardiovascular disease care models,"Firima, Emmanuel; Gonzalez, Lucia; Manthabiseng, Molulela; Bane, Matumaole; Lukau, Blaise; Leigh, Bailah; Kaufmann, Beat A.; Weisser, Maja; Amstutz, Alain; Tromp, Jasper; Labhardt, Niklaus Daniel; Burkard, Thilo",2024,HYPERTENSION RESEARCH,MAR,47,3,805,807
0,,"A Study on Factors Influencing Designers' Behavioral Intention in Using AI-Generated Content for Assisted Design: Perceived Anxiety, Perceived Risk, and UTAUT","Li, Weiyi",2025,INTERNATIONAL JOURNAL OF HUMAN-COMPUTER INTERACTION,JAN 17,41,2,1064,1077
0,,"Assessing the impact of AI-chatbot service quality on user e-brand loyalty through chatbot user trust, experience and electronic word of mouth","Shahzad, Muhammad Farrukh; Xu, Shuo; An, Xin; Javed, Iqra",2024,JOURNAL OF RETAILING AND CONSUMER SERVICES,JUL,79,,,
0,,"Modelling Generative AI Acceptance, Perceived Teachers' Enthusiasm and Self-Efficacy to English as a Foreign Language Learners' Well-Being in the Digital Era","Huang, Fangwei; Wang, Yongliang; Zhang, Haijing",2024,EUROPEAN JOURNAL OF EDUCATION,DEC,59,4,,
0,,Deciphering technological contributions of visibility and interactivity to website atmospheric and customer stickiness in AI-driven websites: The pivotal function of online flow state,"Pang, Hua; Ruan, Yang; Zhang, Kaige",2024,JOURNAL OF RETAILING AND CONSUMER SERVICES,MAY,78,,,
0,,"The influence of work overload on cybersecurity behavior: A moderated mediation model of psychological contract breach, burnout, and self-efficacy in AI learning such as ChatGPT","Kim, Byung-Jik; Kim, Min-Jik",2024,TECHNOLOGY IN SOCIETY,JUN,77,,,
0,,To Use or Not to Use? A Mixed-Methods Study on the Determinants of EFL College Learners' Behavioral Intention to Use AI in the Distributed Learning Context,"Wu, Hanwei; Wang, Yunsong; Wang, Yongliang",2024,INTERNATIONAL REVIEW OF RESEARCH IN OPEN AND DISTRIBUTED LEARNING,AUG,25,3,158,178
0,,Investigation of the moderation effect of gender and study level on the acceptance and use of generative AI by higher education students: Comparative evidence from Poland and Egypt,"Strzelecki, Artur; ElArabawy, Sara",2024,BRITISH JOURNAL OF EDUCATIONAL TECHNOLOGY,MAY,55,3,,
0,,Optimizing Ophthalmology Patient Education via ChatBot-Generated Materials: Readability Analysis of AI-Generated Patient Education Materials and The American Society of Ophthalmic Plastic and Reconstructive Surgery Patient Brochures,"Eid, Kevin; Eid, Alen; Wang, Diane; Raiker, Rahul S.; Chen, Stephen; Nguyen, John",2024,OPHTHALMIC PLASTIC AND RECONSTRUCTIVE SURGERY,MAR-APR,40,2,212,216
0,,"The paradigm change from reactive medical services to 3PM in ischemic stroke: a holistic approach utilising tear fluid multi-omics, mitochondria as a vital biosensor and AI-based multi-professional data interpretation","Golubnitschaja, Olga; Polivka Jr, Jiri; Potuznik, Pavel; Pesta, Martin; Stetkarova, Ivana; Mazurakova, Alena; Lackova, Lenka; Kubatka, Peter; Kropp, Martina; Thumann, Gabriele; Erb, Carl; Froehlich, Holger; Wang, Wei; Baban, Babak; Kapalla, Marko; Shapira, Niva; Richter, Kneginja; Karabatsiakis, Alexander; Smokovski, Ivica; Schmeel, Leonard Christopher; Gkika, Eleni; Paul, Friedemann; Parini, Paolo; Polivka, Jiri",2024,EPMA JOURNAL,2024 FEB 27,,,,
